binary_id;setting;repetition;n_ops;total_ns;ns_per_op;op_insert_n;op_insert_p50_ns;op_insert_p99_ns;op_lookup_n;op_lookup_p50_ns;op_lookup_p99_ns;op_erase_n;op_erase_p50_ns;op_erase_p99_ns;op_clear_n;op_clear_p50_ns;op_clear_p99_ns;op_scan_n;op_scan_p50_ns;op_scan_p99_ns;op_rmw_n;op_rmw_p50_ns;op_rmw_p99_ns;seg_search_algo_ns;seg_cache_traversal_ns;seg_mapping_ns;seg_path_compression_ns;seg_node_type_ns;seg_memory_layout_ns;seg_allocator_ns;seg_prefetch_ns;seg_concurrency_ns;seg_serialization_ns;seg_value_handle_ns;seg_index_organization_ns;seg_io_dispatch_ns;seg_migration_policy_ns;seg_filter_ns;seg_queuing_q1_ns;seg_queuing_q2_ns;seg_persistence_target_ns;seg_framework_ns;seg_run_total_ns;seg_coverage;search_lookup;hit;miss;insert;erase;peak;bytes_alloc;bytes_in_use;alloc_cnt;dealloc_cnt;fail;obs_axes;fill;applied_axes;stat_search_algo_lookup;stat_search_algo_hit;stat_search_algo_miss;stat_search_algo_insert;stat_search_algo_erase;stat_search_algo_peak;stat_cache_traversal_resolve;stat_cache_traversal_resolve_hit;stat_cache_traversal_resolve_miss;stat_cache_traversal_register;stat_cache_traversal_unregister;stat_cache_traversal_peak_tracked;stat_cache_traversal_batch_size;stat_cache_traversal_batch_visited;stat_mapping_register;stat_mapping_resolve;stat_mapping_resolve_hit;stat_mapping_resolve_miss;stat_mapping_reverse_lookup;stat_mapping_peak_mapped;stat_mapping_indirect_steps;stat_path_compression_compress;stat_path_compression_prefix_len;stat_path_compression_bytes_saved;stat_path_compression_cuts;stat_path_compression_checksum;stat_node_type_find;stat_node_type_keys_stored;stat_node_type_queries;stat_node_type_checksum;stat_memory_layout_scan;stat_memory_layout_records;stat_memory_layout_field_bytes;stat_memory_layout_cache_lines;stat_memory_layout_checksum;stat_allocator_bytes_alloc;stat_allocator_bytes_in_use;stat_allocator_alloc_cnt;stat_allocator_dealloc_cnt;stat_allocator_fail;stat_allocator_budget_reject;stat_prefetch_trigger;stat_prefetch_suggestions;stat_prefetch_hot_path_hints;stat_prefetch_max_queue_depth;stat_prefetch_addrs_enqueued;stat_concurrency_acquire;stat_concurrency_release;stat_concurrency_contention;stat_concurrency_validation_fail;stat_concurrency_pattern_id;stat_serialization_serialize;stat_serialization_records;stat_serialization_bytes;stat_serialization_checksum;stat_value_handle_access;stat_value_handle_indirect_deref;stat_value_handle_version_strips;stat_value_handle_peak_chain_depth;stat_index_organization_scan;stat_index_organization_records;stat_index_organization_predicate_evals;stat_index_organization_indirect_lookups;stat_index_organization_checksum;stat_io_dispatch_rounds;stat_io_dispatch_bytes;stat_io_dispatch_align_adjusts;stat_io_dispatch_dispatch_cnt;stat_io_dispatch_checksum;stat_migration_policy_decisions;stat_migration_policy_migrations;stat_migration_policy_hot_votes;stat_migration_policy_cold_votes;stat_migration_policy_tier_moves;stat_filter_probe;stat_filter_pos;stat_filter_neg;stat_filter_hash_probes;stat_filter_checksum;stat_queuing_q1_put;stat_queuing_q1_get;stat_queuing_q1_overflow;stat_queuing_q1_underflow;stat_queuing_q1_peak_size;stat_queuing_q2_decisions;stat_queuing_q2_full_flush;stat_queuing_q2_partial_flush;stat_queuing_q2_no_flush;stat_queuing_q2_flush_complete;stat_persistence_target_rounds;stat_persistence_target_bytes_staged;stat_persistence_target_records_staged;stat_persistence_target_device_flushes;stat_persistence_target_checksum;v3_filled_axes;workload;two_phase_valid;series;sweep_axis;working_set_n;platform;build_version;pruefling_type;quality_flag;pmc_cache_misses_l1;pmc_cache_misses_l2;pmc_cache_misses_l3;pmc_dtlb_misses;pmc_coherence_invalidations;pmc_energy_micro_joules;pmc_available;container_store_ops;fairness_mode;h2_code_quality_score
search_algo=k_ary/cache_traversal=linear_fanout/mapping=direct_placement/path_compression=path_compression_none/node_type=node4/memory_layout=memory_layout_cache_line_aligned/allocator=std_malloc/prefetch=prefetch_none/concurrency=concurrency_none/serialization=serialization_raw_binary/value_handle=value_handle_inline/index_organization=index_org_heap/io_dispatch=io_in_memory_only/migration_policy=migration_none/filter=filter_bloom/queuing_q1=no_buffer/queuing_q2=eager_flush/persistence_target=persistence_memory_only;concurrency.thread_count=1/prefetch.hw_prefetcher=all_on/repetition.repetition_index=0/workload.workload_id=ycsb_a;0;10000;448390866;44839.087;4985;93961;117281;5015;720;1320;0;0;0;0;0;0;0;0;0;0;0;0;1642343;46181226;46234916;159832;105480;107122;140;2339821;93840;34601;33020;40100;31800;3890;159292;18770;145003;0;3630;97334826;0.999963;5015;5015;0;4985;0;9081;1162496;581376;4541;2270;0;9;9081;0;5015;5015;0;4985;0;9081;10030;10030;0;9970;0;9081;9081;72648;9970;10030;10030;0;0;9081;10030;10000;70000;70000;10000;7;1;4;9081;89740;2271;9081;72648;9081;18189;1162496;581376;4541;2270;0;0;0;0;0;0;0;20000;20000;0;0;0;2271;9081;581184;18189;9081;0;0;1;2271;9081;9081;0;18189;2271;581184;0;9081;18189;9081;0;0;0;0;1;9081;0;36324;40823;9970;0;0;10030;0;9970;9970;0;0;9970;0;0;0;0;0;18;ycsb_a;1;-;-;4096;linux-x86_64;m3v2-smoke;-;0;756895968;0;0;2225379;0;0;1;10000;-;-
search_algo=k_ary/cache_traversal=linear_fanout/mapping=direct_placement/path_compression=path_compression_none/node_type=node4/memory_layout=memory_layout_cache_line_aligned/allocator=std_malloc/prefetch=prefetch_none/concurrency=concurrency_none/serialization=serialization_raw_binary/value_handle=value_handle_inline/index_organization=index_org_heap/io_dispatch=io_in_memory_only/migration_policy=migration_none/filter=filter_bloom/queuing_q1=no_buffer/queuing_q2=eager_flush/persistence_target=persistence_memory_only;concurrency.thread_count=1/prefetch.hw_prefetcher=all_on/repetition.repetition_index=0/workload.workload_id=ycsb_c;0;10000;6532118;653.212;0;0;0;10000;720;1130;0;0;0;0;0;0;0;0;0;0;0;0;700478;9571296;9574906;72161;38930;44730;130;1029570;41930;11730;15050;16340;11290;1760;68690;8510;65210;0;2920;21275631;0.999863;10000;10000;0;0;0;0;537395200;262144;2099200;2098176;0;9;4096;0;10000;10000;0;0;0;0;20000;20000;0;0;0;0;4096;32768;0;20000;20000;0;0;0;20000;10000;70000;70000;10000;7;1;4;4096;40496;1024;4096;32768;4096;16378;537395200;262144;2099200;2098176;0;0;0;0;0;0;0;20000;20000;0;0;0;1024;4096;262144;16378;4096;0;0;1;1024;4096;4096;0;16378;1024;262144;0;4096;16378;4096;0;0;0;0;1;4096;0;16384;18432;0;0;0;20000;0;0;0;0;0;0;0;0;0;0;0;18;ycsb_c;1;-;-;4096;linux-x86_64;m3v2-smoke;-;0;44168554;0;0;70;0;0;1;10000;-;-
search_algo=k_ary/cache_traversal=linear_fanout/mapping=direct_placement/path_compression=path_compression_none/node_type=node4/memory_layout=memory_layout_cache_line_aligned/allocator=std_malloc/prefetch=prefetch_distance_estimator/concurrency=concurrency_none/serialization=serialization_raw_binary/value_handle=value_handle_inline/index_organization=index_org_heap/io_dispatch=io_in_memory_only/migration_policy=migration_none/filter=filter_bloom/queuing_q1=no_buffer/queuing_q2=eager_flush/persistence_target=persistence_memory_only;concurrency.thread_count=1/prefetch.hw_prefetcher=all_on/repetition.repetition_index=0/workload.workload_id=ycsb_a;0;10000;419547803;41954.780;4985;83341;115231;5015;700;1360;0;0;0;0;0;0;0;0;0;0;0;0;1651045;45878859;46074086;160971;100180;110291;200;2534953;93310;32730;30611;38462;28922;3670;154871;18680;144531;0;3090;97059462;0.999968;5015;5015;0;4985;0;9081;1162496;581376;4541;2270;0;9;9081;0;5015;5015;0;4985;0;9081;10030;10030;0;9970;0;9081;9081;72648;9970;10030;10030;0;0;9081;10030;10000;70000;70000;10000;7;1;4;9081;89740;2271;9081;72648;9081;18189;1162496;581376;4541;2270;0;0;20000;0;0;0;0;20000;20000;0;0;0;2271;9081;581184;18189;9081;0;0;1;2271;9081;9081;0;18189;2271;581184;0;9081;18189;9081;0;0;0;0;1;9081;0;36324;40823;9970;0;0;10030;0;9970;9970;0;0;9970;0;0;0;0;0;18;ycsb_a;1;-;-;4096;linux-x86_64;m3v2-smoke;-;0;752740382;0;0;5405;0;0;1;10000;-;-
search_algo=k_ary/cache_traversal=linear_fanout/mapping=direct_placement/path_compression=path_compression_none/node_type=node4/memory_layout=memory_layout_cache_line_aligned/allocator=std_malloc/prefetch=prefetch_distance_estimator/concurrency=concurrency_none/serialization=serialization_raw_binary/value_handle=value_handle_inline/index_organization=index_org_heap/io_dispatch=io_in_memory_only/migration_policy=migration_none/filter=filter_bloom/queuing_q1=no_buffer/queuing_q2=eager_flush/persistence_target=persistence_memory_only;concurrency.thread_count=1/prefetch.hw_prefetcher=all_on/repetition.repetition_index=0/workload.workload_id=ycsb_c;0;10000;7338509;733.851;0;0;0;10000;800;1390;0;0;0;0;0;0;0;0;0;0;0;0;675734;9523636;9578827;71720;40131;47200;130;1117318;42082;12131;12140;16680;11720;1730;68851;8490;64920;0;2831;21296271;0.999867;10000;10000;0;0;0;0;537395200;262144;2099200;2098176;0;9;4096;0;10000;10000;0;0;0;0;20000;20000;0;0;0;0;4096;32768;0;20000;20000;0;0;0;20000;10000;70000;70000;10000;7;1;4;4096;40496;1024;4096;32768;4096;16378;537395200;262144;2099200;2098176;0;0;20000;0;0;0;0;20000;20000;0;0;0;1024;4096;262144;16378;4096;0;0;1;1024;4096;4096;0;16378;1024;262144;0;4096;16378;4096;0;0;0;0;1;4096;0;16384;18432;0;0;0;20000;0;0;0;0;0;0;0;0;0;0;0;18;ycsb_c;1;-;-;4096;linux-x86_64;m3v2-smoke;-;0;44286462;0;0;150;0;0;1;10000;-;-
search_algo=interpolation/cache_traversal=linear_fanout/mapping=direct_placement/path_compression=path_compression_none/node_type=node4/memory_layout=memory_layout_cache_line_aligned/allocator=std_malloc/prefetch=prefetch_none/concurrency=concurrency_none/serialization=serialization_raw_binary/value_handle=value_handle_inline/index_organization=index_org_heap/io_dispatch=io_in_memory_only/migration_policy=migration_none/filter=filter_bloom/queuing_q1=no_buffer/queuing_q2=eager_flush/persistence_target=persistence_memory_only;concurrency.thread_count=1/prefetch.hw_prefetcher=all_on/repetition.repetition_index=0/workload.workload_id=ycsb_a;0;10000;424083697;42408.370;4985;85681;115931;5015;880;1670;0;0;0;0;0;0;0;0;0;0;0;0;4344028;46139773;46405519;146901;140070;103591;150;2382092;93961;33200;31970;39860;30560;3920;170902;18930;146823;0;3350;100235600;0.999967;5015;5015;0;4985;0;9081;1162496;581376;4541;2270;0;9;9081;0;5015;5015;0;4985;0;9081;10030;10030;0;9970;0;9081;9081;72648;9970;10030;10030;0;0;9081;10030;10000;70000;70000;10000;7;1;4;9081;89740;2271;9081;72648;9081;18189;1162496;581376;4541;2270;0;0;0;0;0;0;0;20000;20000;0;0;0;2271;9081;581184;18189;9081;0;0;1;2271;9081;9081;0;18189;2271;581184;0;9081;18189;9081;0;0;0;0;1;9081;0;36324;40823;9970;0;0;10030;0;9970;9970;0;0;9970;0;0;0;0;0;18;ycsb_a;1;-;search_algo;4096;linux-x86_64;m3v2-smoke;-;0;761540182;0;0;5891;0;0;1;10000;-;-
search_algo=interpolation/cache_traversal=linear_fanout/mapping=direct_placement/path_compression=path_compression_none/node_type=node4/memory_layout=memory_layout_cache_line_aligned/allocator=std_malloc/prefetch=prefetch_none/concurrency=concurrency_none/serialization=serialization_raw_binary/value_handle=value_handle_inline/index_organization=index_org_heap/io_dispatch=io_in_memory_only/migration_policy=migration_none/filter=filter_bloom/queuing_q1=no_buffer/queuing_q2=eager_flush/persistence_target=persistence_memory_only;concurrency.thread_count=1/prefetch.hw_prefetcher=all_on/repetition.repetition_index=0/workload.workload_id=ycsb_c;0;10000;7474215;747.422;0;0;0;10000;820;1370;0;0;0;0;0;0;0;0;0;0;0;0;202083;9578177;9561694;65531;37981;43781;130;1000749;42650;11500;11770;16460;11430;1780;70370;8820;65510;0;2730;20733146;0.999868;10000;10000;0;0;0;0;537395200;262144;2099200;2098176;0;9;4096;0;10000;10000;0;0;0;0;20000;20000;0;0;0;0;4096;32768;0;20000;20000;0;0;0;20000;10000;70000;70000;10000;7;1;4;4096;40496;1024;4096;32768;4096;16378;537395200;262144;2099200;2098176;0;0;0;0;0;0;0;20000;20000;0;0;0;1024;4096;262144;16378;4096;0;0;1;1024;4096;4096;0;16378;1024;262144;0;4096;16378;4096;0;0;0;0;1;4096;0;16384;18432;0;0;0;20000;0;0;0;0;0;0;0;0;0;0;0;18;ycsb_c;1;-;search_algo;4096;linux-x86_64;m3v2-smoke;-;0;43579367;0;0;1140;0;0;1;10000;-;-
search_algo=eytzinger/cache_traversal=linear_fanout/mapping=direct_placement/path_compression=path_compression_none/node_type=node4/memory_layout=memory_layout_cache_line_aligned/allocator=std_malloc/prefetch=prefetch_none/concurrency=concurrency_none/serialization=serialization_raw_binary/value_handle=value_handle_inline/index_organization=index_org_heap/io_dispatch=io_in_memory_only/migration_policy=migration_none/filter=filter_bloom/queuing_q1=no_buffer/queuing_q2=eager_flush/persistence_target=persistence_memory_only;concurrency.thread_count=1/prefetch.hw_prefetcher=all_on/repetition.repetition_index=0/workload.workload_id=ycsb_a;0;10000;24077718;2407.772;4985;2490;11170;5015;720;1350;0;0;0;0;0;0;0;0;0;0;0;0;728897;53853413;45898784;115360;150;130;140;140;93581;110;140;150;130;110;140;18810;144881;0;3050;100858116;0.999970;5015;5015;0;4985;0;9081;0;0;0;0;0;9;9081;0;5015;5015;0;4985;0;9081;10030;10030;0;9970;0;9081;9081;72648;9970;10030;10030;0;0;9081;10030;10000;70000;70000;10000;7;0;0;0;0;0;0;0;0;0;0;0;0;0;0;0;0;0;0;0;0;20000;20000;0;0;0;0;0;0;0;0;0;0;0;0;0;0;0;0;0;0;0;0;0;0;0;0;0;0;0;0;0;0;0;9970;0;0;10030;0;9970;9970;0;0;9970;0;0;0;0;0;9;ycsb_a;1;-;search_algo;4096;linux-x86_64;m3v2-smoke;-;0;320286547;0;0;1047;0;0;1;10000;-;-
search_algo=eytzinger/cache_traversal=linear_fanout/mapping=direct_placement/path_compression=path_compression_none/node_type=node4/memory_layout=memory_layout_cache_line_aligned/allocator=std_malloc/prefetch=prefetch_none/concurrency=concurrency_none/serialization=serialization_raw_binary/value_handle=value_handle_inline/index_organization=index_org_heap/io_dispatch=io_in_memory_only/migration_policy=migration_none/filter=filter_bloom/queuing_q1=no_buffer/queuing_q2=eager_flush/persistence_target=persistence_memory_only;concurrency.thread_count=1/prefetch.hw_prefetcher=all_on/repetition.repetition_index=0/workload.workload_id=ycsb_c;0;10000;6882072;688.207;0;0;0;10000;750;1210;0;0;0;0;0;0;0;0;0;0;0;0;286081;11613075;9484645;51931;150;120;130;150;41920;100;120;140;130;100;120;8530;65072;0;3000;21555514;0.999861;10000;10000;0;0;0;0;0;0;0;0;0;9;4096;0;10000;10000;0;0;0;0;20000;20000;0;0;0;0;4096;32768;0;20000;20000;0;0;0;20000;10000;70000;70000;10000;7;0;0;0;0;0;0;0;0;0;0;0;0;0;0;0;0;0;0;0;0;20000;20000;0;0;0;0;0;0;0;0;0;0;0;0;0;0;0;0;0;0;0;0;0;0;0;0;0;0;0;0;0;0;0;0;0;0;20000;0;0;0;0;0;0;0;0;0;0;0;9;ycsb_c;1;-;search_algo;4096;linux-x86_64;m3v2-smoke;-;0;42511889;0;0;35;0;0;1;10000;-;-
search_algo=linear_scan/cache_traversal=linear_fanout/mapping=direct_placement/path_compression=path_compression_none/node_type=node4/memory_layout=memory_layout_cache_line_aligned/allocator=std_malloc/prefetch=prefetch_none/concurrency=concurrency_none/serialization=serialization_raw_binary/value_handle=value_handle_inline/index_organization=index_org_heap/io_dispatch=io_in_memory_only/migration_policy=migration_none/filter=filter_bloom/queuing_q1=no_buffer/queuing_q2=eager_flush/persistence_target=persistence_memory_only;concurrency.thread_count=1/prefetch.hw_prefetcher=all_on/repetition.repetition_index=0/workload.workload_id=ycsb_a;0;10000;46015934;4601.593;4985;7370;12110;5015;1760;3980;0;0;0;0;0;0;0;0;0;0;0;0;146774056;46123945;46279225;160191;115680;113371;150;1479565;94070;35490;33310;41250;32681;3860;166602;18810;145403;0;3930;241621589;0.999984;5015;5015;0;4985;0;9081;581376;581376;2271;0;0;9;9081;0;5015;5015;0;4985;0;9081;10030;10030;0;9970;0;9081;9081;72648;9970;10030;10030;0;0;9081;10030;10000;70000;70000;10000;7;1;4;9081;89740;2271;9081;72648;9081;18189;581376;581376;2271;0;0;0;0;0;0;0;0;20000;20000;0;0;0;2271;9081;581184;18189;9081;0;0;1;2271;9081;9081;0;18189;2271;581184;0;9081;18189;9081;0;0;0;0;1;9081;0;36324;40823;9970;0;0;10030;0;9970;9970;0;0;9970;0;0;0;0;0;18;ycsb_a;1;-;search_algo;4096;linux-x86_64;m3v2-smoke;-;0;1169857296;0;0;3981;0;0;1;10000;-;-
search_algo=linear_scan/cache_traversal=linear_fanout/mapping=direct_placement/path_compression=path_compression_none/node_type=node4/memory_layout=memory_layout_cache_line_aligned/allocator=std_malloc/prefetch=prefetch_none/concurrency=concurrency_none/serialization=serialization_raw_binary/value_handle=value_handle_inline/index_organization=index_org_heap/io_dispatch=io_in_memory_only/migration_policy=migration_none/filter=filter_bloom/queuing_q1=no_buffer/queuing_q2=eager_flush/persistence_target=persistence_memory_only;concurrency.thread_count=1/prefetch.hw_prefetcher=all_on/repetition.repetition_index=0/workload.workload_id=ycsb_c;0;10000;15523477;1552.348;0;0;0;10000;1710;2930;0;0;0;0;0;0;0;0;0;0;0;0;28548426;9489855;9582325;72090;38872;43800;110;732766;42230;11430;11940;16470;11530;1740;69852;8610;65381;0;3070;48750497;0.999937;10000;10000;0;0;0;0;262144;262144;1024;0;0;9;4096;0;10000;10000;0;0;0;0;20000;20000;0;0;0;0;4096;32768;0;20000;20000;0;0;0;20000;10000;70000;70000;10000;7;1;4;4096;40496;1024;4096;32768;4096;16378;262144;262144;1024;0;0;0;0;0;0;0;0;20000;20000;0;0;0;1024;4096;262144;16378;4096;0;0;1;1024;4096;4096;0;16378;1024;262144;0;4096;16378;4096;0;0;0;0;1;4096;0;16384;18432;0;0;0;20000;0;0;0;0;0;0;0;0;0;0;0;18;ycsb_c;1;-;search_algo;4096;linux-x86_64;m3v2-smoke;-;0;206680602;0;0;76;0;0;1;10000;-;-
search_algo=k_ary/cache_traversal=linear_fanout/mapping=direct_placement/path_compression=path_compression_none/node_type=node16/memory_layout=memory_layout_cache_line_aligned/allocator=std_malloc/prefetch=prefetch_none/concurrency=concurrency_none/serialization=serialization_raw_binary/value_handle=value_handle_inline/index_organization=index_org_heap/io_dispatch=io_in_memory_only/migration_policy=migration_none/filter=filter_bloom/queuing_q1=no_buffer/queuing_q2=eager_flush/persistence_target=persistence_memory_only;concurrency.thread_count=1/prefetch.hw_prefetcher=all_on/repetition.repetition_index=0/workload.workload_id=ycsb_a;0;10000;152571368;15257.137;4985;29650;41860;5015;730;1420;0;0;0;0;0;0;0;0;0;0;0;0;1618614;46029283;46223415;160141;257423;91121;150;2172699;96221;24920;22740;28310;22071;1130;154551;18791;145131;0;3450;97070161;0.999964;5015;5015;0;4985;0;9081;1163264;581632;1136;568;0;9;9081;0;5015;5015;0;4985;0;9081;10030;10030;0;9970;0;9081;9081;72648;9970;10030;10030;0;0;9081;10030;10000;70000;70000;10000;7;1;16;9081;1180773;568;9081;72648;9081;163623;1163264;581632;1136;568;0;0;0;0;0;0;0;20000;20000;0;0;0;568;9081;581184;163623;9081;0;0;1;568;9081;9081;0;163623;568;581184;0;9081;163623;9081;0;0;0;0;1;9081;0;36324;40823;9970;0;0;10030;0;9970;9970;0;0;9970;0;0;0;0;0;18;ycsb_a;1;-;node_type;4096;linux-x86_64;m3v2-smoke;-;0;608634689;0;0;2942;0;0;1;10000;-;-
search_algo=k_ary/cache_traversal=linear_fanout/mapping=direct_placement/path_compression=path_compression_none/node_type=node16/memory_layout=memory_layout_cache_line_aligned/allocator=std_malloc/prefetch=prefetch_none/concurrency=concurrency_none/serialization=serialization_raw_binary/value_handle=value_handle_inline/index_organization=index_org_heap/io_dispatch=io_in_memory_only/migration_policy=migration_none/filter=filter_bloom/queuing_q1=no_buffer/queuing_q2=eager_flush/persistence_target=persistence_memory_only;concurrency.thread_count=1/prefetch.hw_prefetcher=all_on/repetition.repetition_index=0/workload.workload_id=ycsb_c;0;10000;6469769;646.977;0;0;0;10000;720;1130;0;0;0;0;0;0;0;0;0;0;0;0;673536;9538155;9549455;71951;105022;37790;120;981509;42110;10570;10650;12720;10290;640;66840;8490;65142;0;2790;21187780;0.999868;10000;10000;0;0;0;0;538968064;262144;526336;526080;0;9;4096;0;10000;10000;0;0;0;0;20000;20000;0;0;0;0;4096;32768;0;20000;20000;0;0;0;20000;10000;70000;70000;10000;7;1;16;4096;533136;256;4096;32768;4096;65416;538968064;262144;526336;526080;0;0;0;0;0;0;0;20000;20000;0;0;0;256;4096;262144;65416;4096;0;0;1;256;4096;4096;0;65416;256;262144;0;4096;65416;4096;0;0;0;0;1;4096;0;16384;18432;0;0;0;20000;0;0;0;0;0;0;0;0;0;0;0;18;ycsb_c;1;-;node_type;4096;linux-x86_64;m3v2-smoke;-;0;43974060;0;0;90;0;0;1;10000;-;-
search_algo=k_ary/cache_traversal=linear_fanout/mapping=direct_placement/path_compression=path_compression_none/node_type=node48/memory_layout=memory_layout_cache_line_aligned/allocator=std_malloc/prefetch=prefetch_none/concurrency=concurrency_none/serialization=serialization_raw_binary/value_handle=value_handle_inline/index_organization=index_org_heap/io_dispatch=io_in_memory_only/migration_policy=migration_none/filter=filter_bloom/queuing_q1=no_buffer/queuing_q2=eager_flush/persistence_target=persistence_memory_only;concurrency.thread_count=1/prefetch.hw_prefetcher=all_on/repetition.repetition_index=0/workload.workload_id=ycsb_a;0;10000;98983059;9898.306;4985;18480;34620;5015;740;1410;0;0;0;0;0;0;0;0;0;0;0;0;1843877;46205257;46307434;162023;71300;99301;150;2552803;93541;27130;24561;28260;21150;620;155770;19400;145030;0;3630;97761237;0.999963;5015;5015;0;4985;0;9081;1167360;583680;380;190;0;9;9081;0;5015;5015;0;4985;0;9081;10030;10030;0;9970;0;9081;9081;72648;9970;10030;10030;0;0;9081;10030;10000;70000;70000;10000;7;1;48;9081;1199174;190;9081;72648;9081;163623;1167360;583680;380;190;0;0;0;0;0;0;0;20000;20000;0;0;0;190;9081;581184;163623;9081;0;0;1;190;9081;9081;0;163623;190;581184;0;9081;163623;9081;0;0;0;0;1;9081;0;36324;40823;9970;0;0;10030;0;9970;9970;0;0;9970;0;0;0;0;0;18;ycsb_a;1;-;node_type;4096;linux-x86_64;m3v2-smoke;-;0;568810455;0;0;8200;0;0;1;10000;-;-
search_algo=k_ary/cache_traversal=linear_fanout/mapping=direct_placement/path_compression=path_compression_none/node_type=node48/memory_layout=memory_layout_cache_line_aligned/allocator=std_malloc/prefetch=prefetch_none/concurrency=concurrency_none/serialization=serialization_raw_binary/value_handle=value_handle_inline/index_organization=index_org_heap/io_dispatch=io_in_memory_only/migration_policy=migration_none/filter=filter_bloom/queuing_q1=no_buffer/queuing_q2=eager_flush/persistence_target=persistence_memory_only;concurrency.thread_count=1/prefetch.hw_prefetcher=all_on/repetition.repetition_index=0/workload.workload_id=ycsb_c;0;10000;7161270;716.127;0;0;0;10000;780;1780;0;0;0;0;0;0;0;0;0;0;0;0;780157;9630538;9495946;71890;26590;38430;150;1113450;41740;9150;9670;11850;9240;390;66190;8510;64751;0;2950;21381592;0.999862;10000;10000;0;0;0;0;543178752;264192;176816;176730;0;9;4096;0;10000;10000;0;0;0;0;20000;20000;0;0;0;0;4096;32768;0;20000;20000;0;0;0;20000;10000;70000;70000;10000;7;1;48;4096;541056;86;4096;32768;4096;65416;543178752;264192;176816;176730;0;0;0;0;0;0;0;20000;20000;0;0;0;86;4096;262144;65416;4096;0;0;1;86;4096;4096;0;65416;86;262144;0;4096;65416;4096;0;0;0;0;1;4096;0;16384;18432;0;0;0;20000;0;0;0;0;0;0;0;0;0;0;0;18;ycsb_c;1;-;node_type;4096;linux-x86_64;m3v2-smoke;-;0;43715643;0;0;191;0;0;1;10000;-;-
search_algo=k_ary/cache_traversal=linear_fanout/mapping=direct_placement/path_compression=path_compression_none/node_type=node256/memory_layout=memory_layout_cache_line_aligned/allocator=std_malloc/prefetch=prefetch_none/concurrency=concurrency_none/serialization=serialization_raw_binary/value_handle=value_handle_inline/index_organization=index_org_heap/io_dispatch=io_in_memory_only/migration_policy=migration_none/filter=filter_bloom/queuing_q1=no_buffer/queuing_q2=eager_flush/persistence_target=persistence_memory_only;concurrency.thread_count=1/prefetch.hw_prefetcher=all_on/repetition.repetition_index=0/workload.workload_id=ycsb_a;0;10000;72902903;7290.290;4985;13570;27160;5015;720;1370;0;0;0;0;0;0;0;0;0;0;0;0;1713516;45811131;46021256;162860;67950;103820;150;2249383;93231;26430;23710;26160;19370;350;151530;19220;144330;0;3440;96637837;0.999964;5015;5015;0;4985;0;9081;1179648;589824;72;36;0;9;9081;0;5015;5015;0;4985;0;9081;10030;10030;0;9970;0;9081;9081;72648;9970;10030;10030;0;0;9081;10030;10000;70000;70000;10000;7;1;256;9081;1158046;36;9081;72648;9081;2187436;1179648;589824;72;36;0;0;0;0;0;0;0;20000;20000;0;0;0;36;9081;581184;2187436;9081;0;0;1;36;9081;9081;0;2187436;36;581184;0;9081;2187436;9081;0;0;0;0;1;9081;0;36324;40823;9970;0;0;10030;0;9970;9970;0;0;9970;0;0;0;0;0;18;ycsb_a;1;-;node_type;4096;linux-x86_64;m3v2-smoke;-;0;557797094;0;0;38471;0;0;1;10000;-;-
search_algo=k_ary/cache_traversal=linear_fanout/mapping=direct_placement/path_compression=path_compression_none/node_type=node256/memory_layout=memory_layout_cache_line_aligned/allocator=std_malloc/prefetch=prefetch_none/concurrency=concurrency_none/serialization=serialization_raw_binary/value_handle=value_handle_inline/index_organization=index_org_heap/io_dispatch=io_in_memory_only/migration_policy=migration_none/filter=filter_bloom/queuing_q1=no_buffer/queuing_q2=eager_flush/persistence_target=persistence_memory_only;concurrency.thread_count=1/prefetch.hw_prefetcher=all_on/repetition.repetition_index=0/workload.workload_id=ycsb_c;0;10000;6932684;693.268;0;0;0;10000;750;1290;0;0;0;0;0;0;0;0;0;0;0;0;737717;9532346;9498556;72020;26960;43280;140;1015610;42260;10790;10470;11960;8810;240;67740;8790;64961;0;2870;21155520;0.999864;10000;10000;0;0;0;0;570425344;262144;34816;34800;0;9;4096;0;10000;10000;0;0;0;0;20000;20000;0;0;0;0;4096;32768;0;20000;20000;0;0;0;20000;10000;70000;70000;10000;7;1;256;4096;522240;16;4096;32768;4096;1015936;570425344;262144;34816;34800;0;0;0;0;0;0;0;20000;20000;0;0;0;16;4096;262144;1015936;4096;0;0;1;16;4096;4096;0;1015936;16;262144;0;4096;1015936;4096;0;0;0;0;1;4096;0;16384;18432;0;0;0;20000;0;0;0;0;0;0;0;0;0;0;0;18;ycsb_c;1;-;node_type;4096;linux-x86_64;m3v2-smoke;-;0;43630643;0;0;109;0;0;1;10000;-;-
